{"value": {"DE111": 47.923486949495434, "DE112": 50.454187979078085, "DE113": 48.48699154674257, "DE114": 48.877610547003705, "DE115": 46.953481569582166, "DE116": 47.662977300734795, "DE117": 46.34373848151513, "DE118": 46.769891903685995, "DE119": 48.345767737284255, "DE11A": 51.030606362032785, "DE11B": 0.0, "DE11C": 55.195199412227, "DE11D": 52.16570031061085, "DE121": 0.0, "DE122": 42.55766819199076, "DE123": 45.71752947831647, "DE124": 43.67960842159301, "DE125": 44.99095724024873, "DE126": 193072.87852663954, "DE127": 0.0, "DE128": 42.50063304753112, "DE129": 47.033415160356455, "DE12A": 0.0, "DE12B": 46.81574845803506, "DE12C": 0.0, "DE131": 0.0, "DE132": 56.74535267967823, "DE133": 46.21369804820731, "DE134": 302366.4171976686, "DE135": 55.023116555790786, "DE136": 58.76772712469273, "DE137": 58.513066245927824, "DE138": 47.025509818892914, "DE139": 46.8008687440047, "DE13A": 0.0, "DE141": 48.51604640003093, "DE142": 51.65400376580782, "DE143": 59.27730608998646, "DE144": 0.0, "DE145": 59.2638803656693, "DE146": 54.15331724642384, "DE147": 48.525995724635905, "DE148": 51.81848900564859, "DE149": 54.48690912024343, "DE211": 51.286027490248614, "DE212": 51.11278812172649, "DE213": 0.0, "DE214": 45462.968408484405, "DE215": 0.0, "DE216": 0.0, "DE217": 0.0, "DE218": 52.52762728185106, "DE219": 61421.546811908906, "DE21A": 52.006756599297574, "DE21B": 52.43260569237273, "DE21C": 0.0, "DE21D": 0.0, "DE21E": 0.0, "DE21F": 0.0, "DE21G": 51.74976359614179, "DE21H": 53.06297963401883, "DE21I": 0.0, "DE21J": 126467.28939126284, "DE21K": 52.80284898937898, "DE21L": 0.0, "DE21M": 53.102176791642286, "DE21N": 53.76238234347625, "DE221": 0.0, "DE222": 0.0, "DE223": 0.0, "DE224": 52.44203579942715, "DE225": 0.0, "DE226": 53.03797955633595, "DE227": 51.391958488979796, "DE228": 51.76389868926015, "DE229": 0.0, "DE22A": 0.0, "DE22B": 50.542232810962126, "DE22C": 51.23723469965749, "DE231": 0.0, "DE232": 0.0, "DE233": 0.0, "DE234": 55.556021878628925, "DE235": 55.3008772341765, "DE236": 0.0, "DE237": 58.23066233659201, "DE238": 50.81969884419531, "DE239": 53.43647677183552, "DE23A": 0.0, "DE241": 0.0, "DE242": 0.0, "DE243": 0.0, "DE244": 0.0, "DE245": 0.0, "DE246": 55.68799012371665, "DE247": 0.0, "DE248": 0.0, "DE249": 0.0, "DE24A": 0.0, "DE24B": 0.0, "DE24C": 0.0, "DE24D": 0.0, "DE251": 0.0, "DE252": 48.676971344612205, "DE253": 0.0, "DE254": 48.96268169726611, "DE255": 0.0, "DE256": 0.0, "DE257": 49.767741442552804, "DE258": 50.918810561265744, "DE259": 0.0, "DE25A": 50.594976059041805, "DE25B": 51.3200869685344, "DE25C": 0.0, "DE261": 46.71461031196741, "DE262": 0.0, "DE263": 49.323986834718475, "DE264": 0.0, "DE265": 0.0, "DE266": 0.0, "DE267": 50.293685420604966, "DE268": 0.0, "DE269": 47.966910784699486, "DE26A": 0.0, "DE26B": 0.0, "DE26C": 49.96873719701833, "DE271": 52.013413906624876, "DE272": 0.0, "DE273": 0.0, "DE274": 0.0, "DE275": 51.97794407230085, "DE276": 162730.59079733148, "DE277": 53.04066381830015, "DE278": 52.90607607461515, "DE279": 54.558860912746844, "DE27A": 46.10074171635931, "DE27B": 58.98422009436968, "DE27C": 0.0, "DE27D": 0.0, "DE27E": 59.663062003029296, "DE300": 50.00306153753761, "DE401": 151210.19932706104, "DE402": 0.0, "DE403": 0.0, "DE404": 49.984043967341, "DE405": 52.46964168075729, "DE406": 50.77735523206028, "DE407": 51.40857482882606, "DE408": 51.60389934026678, "DE409": 53.52258436767072, "DE40A": 151213.38947887818, "DE40B": 50.730599988623666, "DE40C": 255584.54896685248, "DE40D": 53.10270646417378, "DE40E": 49.71025173205088, "DE40F": 51.44171785214194, "DE40G": 50.99657603545152, "DE40H": 50.72926933734939, "DE40I": 52.977871681577064, "DE501": 255583.0570687465, "DE502": 0.0, "DE600": 344136.2119533312, "DE711": 44.35122415119884, "DE712": 45.45608254052671, "DE713": 0.0, "DE714": 51.73943640599871, "DE715": 44.26214938563324, "DE716": 44.05225877769473, "DE717": 44.43252998146771, "DE718": 0.0, "DE719": 47.0493362178621, "DE71A": 0.0, "DE71B": 49.814947181102525, "DE71C": 0.0, "DE71D": 0.0, "DE71E": 46.36525182435253, "DE721": 51.7465856808012, "DE722": 50437.34651029466, "DE723": 50.60079474249601, "DE724": 52.98601644894372, "DE725": 53.65089229403451, "DE731": 0.0, "DE732": 54.26177750810008, "DE733": 55.492737850336155, "DE734": 0.0, "DE735": 0.0, "DE736": 0.0, "DE737": 0.0, "DE803": 53.504345348141044, "DE804": 53.84320563453026, "DE80J": 54.3655219380157, "DE80K": 54.340570845211666, "DE80L": 53.84771676595203, "DE80M": 53.065247780732065, "DE80N": 54.5945281668729, "DE80O": 53.588399545892344, "DE911": 50.41614754927275, "DE912": 485923.55222176126, "DE913": 0.0, "DE914": 50.24111522506715, "DE916": 0.0, "DE917": 0.0, "DE918": 54.220228199019296, "DE91A": 485922.9856151941, "DE91B": 0.0, "DE91C": 54.71299731539504, "DE922": 49.90286729226847, "DE923": 52.62158551126545, "DE925": 50.95740678707887, "DE926": 0.0, "DE927": 50.16034550331713, "DE928": 51.190457655362295, "DE929": 48.985779407487804, "DE931": 49.91163296258063, "DE932": 36871.07183006382, "DE933": 51.96623795898403, "DE934": 50.73868355219154, "DE935": 51.49185581992275, "DE936": 51.610409299049984, "DE937": 51.4865246454952, "DE938": 51.24204450721056, "DE939": 51.896860892821806, "DE93A": 52.15658495966964, "DE93B": 50.78705057288775, "DE941": 0.0, "DE942": 49.71745971376057, "DE943": 51.144990939644615, "DE944": 50.070150037079046, "DE945": 0.0, "DE946": 50.95585618165816, "DE947": 51.2239151391594, "DE948": 50.76198279149954, "DE949": 152569.82995651648, "DE94A": 50.602753319971214, "DE94B": 48.95201783829145, "DE94C": 50.733054976043526, "DE94D": 50.739019465962485, "DE94E": 57635.03475057423, "DE94F": 50.66580094659664, "DE94G": 51.4820583902012, "DE94H": 51.49138999589592, "DEA11": 44.619697464807736, "DEA12": 2489872.178642429, "DEA13": 45.85769176542172, "DEA14": 28839.199972262602, "DEA15": 47.110535881290545, "DEA16": 0.0, "DEA17": 45.43158367481092, "DEA18": 51.89470628341407, "DEA19": 49.03077620028269, "DEA1A": 49.93814289641748, "DEA1B": 47.41773484357455, "DEA1C": 46.092323022044255, "DEA1D": 45.32273418973779, "DEA1E": 46.773819221981995, "DEA1F": 45.524269460479964, "DEA22": 44.60884359440609, "DEA23": 234830.06252208166, "DEA24": 44.72950470542824, "DEA26": 48.11495905337167, "DEA27": 47.06780620982009, "DEA28": 48.09895020916577, "DEA29": 47.057696293159424, "DEA2A": 54.59603422215963, "DEA2B": 47.211425848353755, "DEA2C": 89641.47992376238, "DEA2D": 50.242812618395746, "DEA31": 0.0, "DEA32": 0.0, "DEA33": 48.28293267400785, "DEA34": 47.670399311968644, "DEA35": 48.96274852606058, "DEA36": 157145.4767631377, "DEA37": 48.582372340994375, "DEA38": 48.73144240947502, "DEA41": 50.61246906739066, "DEA42": 48.659544881410625, "DEA43": 50.56020425963052, "DEA44": 0.0, "DEA45": 53.095919262573176, "DEA46": 50.026412899950955, "DEA47": 49.11528481492883, "DEA51": 28839.151972904147, "DEA52": 46.942288101996304, "DEA53": 28792.452597260275, "DEA54": 47.958741807475405, "DEA55": 45.84478836278923, "DEA56": 28840.93822821702, "DEA57": 52.07681313948253, "DEA58": 52.175972732944416, "DEA59": 56.72624938421413, "DEA5A": 34965.674733424356, "DEA5B": 48.091270526744275, "DEA5C": 47.22285847417564, "DEB11": 0.0, "DEB12": 0.0, "DEB13": 53.056823614563896, "DEB14": 0.0, "DEB15": 54.748588105124306, "DEB16": 0.0, "DEB17": 0.0, "DEB18": 0.0, "DEB19": 0.0, "DEB1A": 50.17105135800494, "DEB1B": 0.0, "DEB21": 0.0, "DEB22": 51.55275763818381, "DEB23": 0.0, "DEB24": 58.26700111703463, "DEB25": 51.78022351205784, "DEB31": 44.070863761580604, "DEB32": 50.5613897036945, "DEB33": 0.0, "DEB34": 193072.87852663954, "DEB35": 46.31185662398493, "DEB36": 0.0, "DEB37": 0.0, "DEB38": 0.0, "DEB39": 44.84944451850194, "DEB3A": 0.0, "DEB3B": 47.952728730050715, "DEB3C": 0.0, "DEB3D": 48.29507759698558, "DEB3E": 44.38670990570042, "DEB3F": 51.43635799342862, "DEB3G": 52.1556342074023, "DEB3H": 44.69728408567345, "DEB3I": 182916.72010862397, "DEB3J": 0.0, "DEB3K": 50.97921875011936, "DEC01": 380109.1511058093, "DEC02": 49.65665579361196, "DEC03": 0.0,