{"costs": [[423988730.00278383, 234931602.63092846, 121086344.98312797], [94030846.5418002, 345826011.42308044, 104289845.26273344, 208101127.90907922]], "servings": [[["DEA34", "DEA1B", "DEA27", "DEA23", "DEA5C", "DEA56", "DEA1E", "DEA2B", "DEA12", "DEA1C", "DEA11", "DEA13", "DEA1D", "DEA1F", "DEA36", "DEA2C", "DEA17", "DEA1A"], ["DEE04", "DE409", "DEE0E", "DEE05", "DE40C", "DEE0B", "DEE0C", "DE401", "DE40H", "DE300", "DE404", "DEG0L"], ["DEB3E", "DE122", "DE126", "DEB34", "DE124"]], [["DEE04", "DE409", "DE40C", "DE40E", "DED43", "DE406", "DE300", "DE404", "DED42"], ["DEA34", "DEA1B", "DEA27", "DEA23", "DEA5C", "DEA56", "DEA1E", "DEA2B", "DEA12", "DEA1C", "DEA11", "DEA13", "DEA1D", "DEA1F", "DEA36", "DEA2C", "DEA17", "DEA1A"], ["DEB3F", "DE134", "DEB3E", "DE122", "DE136", "DE125", "DE124", "DE145", "DE128", "DE113", "DE12B", "DE129"], ["DEE0E", "DEE05", "DED2E", "DE407", "DE40B", "DEE0B", "DED52", "DEE0C", "DED51", "DEG0L", "DEE08", "DEE02"]]], "locations": [["DEA14", "DE40E", "DEB31"], ["DE40H", "DEA14", "DE123", "DED53"]], "specifications": [[2958803.453113241, 1133942.3736446647, 386370.93517603946], [256213.22963978123, 2125002.102383659, 303148.174596001, 931187.2944707986]]}