{"costs": [[423988730.00278383, 234931602.63092846, 121086344.98312797]], "servings": [[["DEA34", "DEA1B", "DEA27", "DEA23", "DEA5C", "DEA56", "DEA1E", "DEA2B", "DEA12", "DEA1C", "DEA11", "DEA13", "DEA1D", "DEA1F", "DEA36", "DEA2C", "DEA17", "DEA1A"], ["DEE04", "DE409", "DEE0E", "DEE05", "DE40C", "DEE0B", "DEE0C", "DE401", "DE40H", "DE300", "DE404", "DEG0L"], ["DEB3E", "DE122", "DE126", "DEB34", "DE124"]]], "locations": [["DEA14", "DE40E", "DEB31"]], "specifications": [[2958803.453113241, 1133942.3736446647, 386370.93517603946]]}