{"DEC05": {"XX": 900.0, "DEB3F": 600.0}, "XX": {"DE228": 900.0, "DEA34": 900.0, "DE139": 900.0, "DEF0E": 900.0, "DEA2D": 950.0, "DEB25": 1200.0, "DE94B": 900.0, "DE409": 1420.0, "DEA1B": 900.0, "DE134": 500.0, "DE218": 400.0, "DE21K": 900.0, "DED43": 800.0, "DE147": 600.0, "DED2D": 900.0, "DED42": 900.0, "DE132": 950.0, "DE80N": 400.0, "DE942": 983.095425910074, "DEA1E": 983.095425910074, "DE22B": 800.0, "DE80L": 300.0, "DE94H": 900.0, "DE237": 900.0, "DE94C": 900.0, "DE27A": 900.0, "DEC01": 900.0, "DE40C": 1420.0, "DE949": 900.0, "DEF0C": 900.0, "DE947": 914.0}, "DEA2D": {"XX": 800.0, "DEA26": 900.0, "DEA1E": 1000.0, "DEA28": 950.0}, "DE219": {"DE211": 500.0, "DE234": 300.0, "DE226": 900.0, "DE21A": 983.095425910074, "DE239": 1000.0}, "DE237": {"XX": 1200.0, "DE234": 1200.0, "DE239": 1100.0, "DE25B": 1200.0}, "DE939": {"DE937": 900.0, "DEF0D": 700.0, "DEF09": 1000.0, "DE933": 900.0}, "DE934": {"DEE04": 600.0}, "DEF0A": {"DEF0D": 900.0}, "DEB22": {"DEB15": 950.0}, "DEC02": {"XX": 900.0, "DEB3F": 400.0}, "DEF0E": {"DEF0D": 500.0, "DEF0C": 600.0, "DE600": 983.095425910074, "DEF09": 1000.0}, "DEF0D": {"DE939": 900.0}, "DE228": {"DE224": 400.0, "XX": 800.0, "DE22B": 800.0}, "DE725": {"DE71E": 900.0, "DE719": 900.0, "DEA5C": 800.0, "DEG0P": 983.095425910074, "DEB1A": 900.0, "DE732": 800.0}, "DE224": {"DE235": 800.0, "DE228": 800.0}, "DE21G": {"DE214": 900.0, "DE21A": 600.0, "DE21M": 900.0, "DE21K": 800.0}, "DE13A": {"DE139": 700.0}, "DEA27": {"DEA26": 350.0, "DEA22": 900.0, "DEA23": 900.0, "DEA1D": 900.0}, "DEE0E": {"DEE05": 600.0, "DE40E": 900.0, "DEE01": 300.0, "DE407": 500.0}, "DE933": {"DE600": 900.0, "DE937": 1000.0, "DEF0F": 500.0, "DE93A": 350.0}, "DEA33": {"DEA38": 500.0, "DEA37": 900.0}, "DEA58": {"DEA57": 700.0, "DEA5C": 800.0}, "DE732": {"DEA45": 800.0, "DE725": 800.0, "DEB34": 800.0, "DE733": 800.0, "DE719": 900.0}, "DEA38": {"DEA42": 350.0, "DEA59": 900.0, "DEA5B": 500.0}, "DE715": {"DE717": 900.0, "DE716": 900.0, "DEB3I": 350.0, "DEB3B": 900.0}, "DE21A": {"DE226": 1000.0, "DE21B": 800.0, "DE218": 350.0, "DE21G": 700.0, "DE219": 1000.0, "DE214": 983.095425910074, "DE27B": 983.095425910074}, "DED45": {"DEG0M": 800.0, "DE732": 1400.0, "DED43": 600.0, "DEG0L": 800.0}, "DE27D": {"DE11D": 350.0, "DE276": 300.0, "DE257": 800.0}, "DE26C": {"DE719": 800.0, "DE716": 400.0, "DE717": 1200.0, "DE715": 1100.0, "DE269": 1000.0, "DE263": 900.0}, "DEA42": {"DEA5B": 1100.0, "DEA41": 900.0, "DEA38": 900.0, "DE928": 800.0, "DE94E": 900.0, "DEA11": 800.0}, "DEB1A": {"DEA23": 800.0, "DE715": 900.0, "DE71E": 900.0, "DE717": 900.0, "DE714": 900.0}, "DEA5A": {"DEA2A": 500.0, "DEA58": 400.0, "DEB13": 900.0, "DEA59": 900.0}, "DE409": {"DE40C": 600.0, "XX": 1420.0, "DEE05": 1200.0}, "DE93B": {"DE94D": 900.0, "DE937": 500.0, "DE922": 1422.0, "DE938": 350.0, "DEE04": 1200.0, "DE93A": 1200.0, "DE927": 900.0, "DE929": 1000.0}, "DE943": {"DE946": 350.0}, "DE922": {"DEA46": 600.0, "DE928": 800.0, "DEA45": 800.0, "DE927": 900.0, "DEA41": 700.0, "DE94F": 350.0, "DE94E": 600.0, "DE939": 800.0, "DEA43": 700.0}, "DE25A": {"DE257": 900.0, "DE26C": 1000.0, "DE267": 900.0}, "DEB3E": {"DEB3I": 500.0, "DE122": 700.0, "DEB3F": 600.0, "DE124": 950.0}, "DED2C": {"DED2E": 1000.0, "DED21": 1100.0, "DED2D": 900.0, "DE40G": 600.0, "DED2F": 750.0, "DE40B": 800.0, "DE40C": 600.0}, "DE94C": {"DE942": 900.0, "DE922": 800.0, "DE94F": 1000.0, "DE947": 1000.0, "DE949": 900.0, "DEA5C": 1200.0, "XX": 1000.0, "DE94E": 900.0, "DE94G": 900.0}, "DE94E": {"DEA46": 600.0, "DE949": 500.0, "DE944": 900.0, "DE927": 900.0, "DE929": 400.0, "DE94D": 1000.0, "DE948": 1000.0, "DE922": 900.0, "DEA37": 700.0, "DEA43": 1000.0}, "DE94F": {"DE94E": 225.0, "DE922": 700.0, "DE948": 900.0}, "DEA43": {"DEA46": 350.0, "DEA41": 1000.0, "DEA23": 800.0, "DE923": 1000.0, "DEA45": 900.0, "DEA42": 800.0}, "DE719": {"DE732": 400.0, "DE725": 983.095425910074, "DE26C": 1000.0, "DE716": 900.0}, "DEA47": {"DEA41": 900.0}, "DEA5C": {"DEA5B": 1000.0, "DEA54": 900.0, "DEA35": 800.0, "DEA58": 900.0, "DEA52": 800.0, "DE94D": 983.095425910074, "DEA38": 800.0, "DE944": 900.0, "DE94E": 800.0, "DEA37": 800.0, "DEA55": 500.0, "DEA33": 900.0, "DEA56": 500.0}, "DEA56": {"DEA5C": 800.0, "DEA52": 900.0, "DEA51": 900.0, "DEA36": 500.0}, "DEA1E": {"DEA1B": 983.095425910074, "DEA12": 900.0, "DEA1D": 350.0, "XX": 1100.0, "DEA34": 1000.0, "DEA24": 700.0, "DEA15": 350.0}, "DEA23": {"DEA27": 900.0, "DEA1D": 800.0, "DEA2B": 1000.0, "DEA2C": 900.0, "DEA58": 800.0}, "DE21M": {"DE21G": 900.0, "DE21K": 300.0, "DE214": 300.0}, "DE407": {"DED2E": 900.0, "DE40B": 800.0, "DEE0E": 1200.0, "DED51": 600.0, "DED53": 600.0, "DE406": 900.0, "DEE05": 1400.0, "DED43": 600.0}, "DE91C": {"DE925": 600.0}, "DEA46": {"DEA43": 900.0, "DE922": 350.0}, "DE948": {"DE94F": 900.0, "DE94C": 900.0, "DE949": 1000.0, "DE94D": 900.0}, "DEA2B": {"DEA56": 700.0, "DEA23": 800.0, "DEA24": 600.0, "DEA2A": 350.0}, "DEA1C": {"DEA12": 700.0, "DEA13": 900.0, "DEA23": 900.0, "DEA24": 500.0, "DEA19": 350.0, "DEA1A": 700.0, "DEA26": 500.0, "DEA2B": 700.0}, "DEA54": {"DEA38": 900.0}, "DEA11": {"DEA12": 500.0, "DEA1C": 900.0, "DEA24": 500.0, "DEA1D": 500.0, "DEA2B": 900.0, "DEA23": 800.0, "DEA26": 500.0}, "DEA34": {"DE94B": 900.0, "DEA35": 350.0, "DEA36": 900.0, "DEA37": 900.0, "DEA1F": 500.0, "DE949": 350.0, "DEA17": 900.0, "DEA5C": 1200.0, "XX": 900.0}, "DE94B": {"DE949": 900.0, "DEA34": 700.0}, "DEA45": {"DEA41": 600.0, "DE732": 1000.0, "DEA24": 800.0}, "DEA35": {"DEA33": 900.0, "DEA51": 500.0, "DEA34": 350.0, "DEA36": 225.0, "DE94B": 900.0}, "DEA1B": {"DEA1F": 350.0, "DEA13": 700.0, "XX": 900.0, "DEA14": 1000.0}, "DEA32": {"DEA35": 900.0, "DEA51": 900.0}, "DEB3F": {"DEB3B": 400.0, "XX": 983.095425910074, "DEA2D": 900.0, "DEC02": 900.0, "DEB3K": 900.0, "DEB32": 900.0}, "DEB3I": {"DEB3E": 1000.0}, "DE942": {"DE94C": 900.0, "XX": 983.095425910074}, "DE947": {"DE942": 914.0, "XX": 900.0, "DE94C": 1000.0, "DE94D": 1200.0, "DE94H": 1067.0}, "DE94H": {"DE947": 1067.0, "DE94D": 1000.0, "DE94A": 1000.0}, "DE949": {"DE948": 900.0, "XX": 900.0, "DE94B": 700.0, "DEA34": 1000.0, "DE94E": 1000.0}, "DEA37": {"DE94B": 600.0, "DEA35": 950.0, "DEA34": 900.0, "DEA38": 900.0, "DE94E": 700.0, "DE949": 225.0}, "DEA52": {"DEA5C": 700.0, "DEA2A": 800.0}, "DEA1F": {"DEA34": 900.0, "DEA12": 900.0, "DEA36": 900.0, "DEA1B": 1000.0, "DEA14": 900.0, "DEA17": 700.0, "DEA13": 700.0}, "DE40D": {"DE408": 200, "DE40A": 900.0, "DE40F": 900.0}, "DED53": {"DEE0B": 600.0, "DED51": 660.0, "DEE05": 660.0, "DE407": 600.0, "DEE08": 660.0}, "DE218": {"DE21H": 500.0, "DE21A": 924.4218053853341, "DE21N": 600.0, "DE21K": 600.0, "DE21M": 1000.0, "DE214": 1200.0, "DE275": 1200.0}, "DE927": {"DE922": 900.0, "DE93B": 700.0, "DE929": 900.0}, "DE93A": {"DE931": 900.0, "DE935": 500.0, "DE934": 350.0, "DE300": 1200.0, "DEE04": 1200.0}, "DE276": {"DE277": 900.0}, "DE71E": {"DE722": 900.0}, "DEG09": {"DEG0D": 350.0}, "DE235": {"DE238": 1000.0, "DE239": 1000.0}, "DE94D": {"DE936": 1000.0, "DE946": 300.0, "DE922": 750.0, "DE948": 900.0, "DE943": 225.0, "DE94G": 500.0, "DE93B": 1200.0, "DE501": 500.0, "DE94C": 900.0, "DE932": 500.0, "DE94F": 900.0}, "DE928": {"DE927": 500.0, "DE929": 900.0, "DE923": 900.0}, "DED43": {"DED2F": 400.0, "DED41": 900.0, "DED2E": 900.0, "DED42": 600.0, "DEG0M": 600.0, "DE407": 600.0, "DED52": 900.0}, "DED21": {"DED2E": 900.0}, "DE80J": {"DE40A": 900.0, "DE80L": 900.0, "DE80O": 500.0, "DE80K": 400.0, "DE80N": 300.0}, "DED52": {"DED2E": 900.0, "DED53": 900.0, "DED51": 500.0, "DEG0M": 660.0, "DEE08": 600.0, "DED43": 600.0}, "DE923": {"DEA45": 350.0}, "DE929": {"DE931": 900.0, "DE91A": 900.0, "DE914": 500.0, "DE925": 900.0}, "DED41": {"DED45": 660.0, "DED43": 350.0, "DED52": 900.0}, "DE803": {"DE80L": 983.095425910074, "DE80O": 1000.0, "XX": 400.0, "DE80K": 400.0}, "DE80L": {"DE80N": 1400.0, "DE803": 600.0, "DE80J": 400.0, "XX": 1153.0}, "DED2E": {"DE407": 500.0, "DED2C": 500.0, "DE40B": 500.0, "DED43": 900.0, "DED21": 900.0, "DED2F": 600.0}, "DE21H": {"DE27B": 1100.0, "DE218": 1000.0, "DE212": 900.0}, "DE946": {"DE94C": 400.0},